Unnamed: 0,antecedents,consequents,antecedent support,consequent support,support,confidence,lift,representativity,leverage,conviction,zhangs_metric,jaccard,certainty,kulczynski,antecedents_str,consequents_str,Unnamed: 17,Unnamed: 18,Unnamed: 19,Unnamed: 20,Unnamed: 21,Unnamed: 22,Unnamed: 23,Unnamed: 24,Unnamed: 25,Unnamed: 26,antecedents_str.1,consequents_str.1
25.0,"frozenset({'ROSES REGENCY TEACUP AND SAUCER', 'GREEN REGENCY TEACUP AND SAUCER'})",frozenset({'PINK REGENCY TEACUP AND SAUCER'}),0.07346938775510205,0.06122448979591837,0.04489795918367347,0.611111111111111,9.981481481481481,1.0,0.04039983340274885,2.41399416909621,0.9711653984781737,0.4999999999999999,0.5857487922705313,0.6722222222222222,"ROSES REGENCY TEACUP AND SAUCER, GREEN REGENCY TEACUP AND SAUCER",PINK REGENCY TEACUP AND SAUCER,,,,,,,,,,,ZINC T-LIGHT HOLDER STARS SMALL,ZINC T-LIGHT HOLDER STAR LARGE
28.0,frozenset({'PINK REGENCY TEACUP AND SAUCER'}),"frozenset({'ROSES REGENCY TEACUP AND SAUCER', 'GREEN REGENCY TEACUP AND SAUCER'})",0.06122448979591837,0.07346938775510205,0.04489795918367347,0.7333333333333333,9.98148148148148,1.0,0.04039983340274885,3.474489795918366,0.9584980237154149,0.4999999999999999,0.7121879588839941,0.6722222222222222,PINK REGENCY TEACUP AND SAUCER,"ROSES REGENCY TEACUP AND SAUCER, GREEN REGENCY TEACUP AND SAUCER",,,,,,,,,,,3 PIECE SPACEBOY COOKIE CUTTER SET,12 PENCIL SMALL TUBE WOODLAND
31.0,"frozenset({'VICTORIAN GLASS HANGING T-LIGHT', 'GREEN REGENCY TEACUP AND SAUCER'})",frozenset({'PINK REGENCY TEACUP AND SAUCER'}),0.09795918367346938,0.06122448979591837,0.05714285714285714,0.5833333333333334,9.527777777777779,1.0,0.05114535610162432,2.253061224489796,0.9922430510665804,0.5599999999999999,0.5561594202898551,0.7583333333333333,"VICTORIAN GLASS HANGING T-LIGHT, GREEN REGENCY TEACUP AND SAUCER",PINK REGENCY TEACUP AND SAUCER,,,,,,,,,,,12 PENCIL SMALL TUBE WOODLAND,3 PIECE SPACEBOY COOKIE CUTTER SET
32.0,frozenset({'PINK REGENCY TEACUP AND SAUCER'}),"frozenset({'VICTORIAN GLASS HANGING T-LIGHT', 'GREEN REGENCY TEACUP AND SAUCER'})",0.06122448979591837,0.09795918367346938,0.05714285714285714,0.9333333333333333,9.527777777777779,1.0,0.05114535610162432,13.53061224489796,0.953416149068323,0.5599999999999999,0.9260935143288085,0.7583333333333333,PINK REGENCY TEACUP AND SAUCER,"VICTORIAN GLASS HANGING T-LIGHT, GREEN REGENCY TEACUP AND SAUCER",,,,,,,,,,,12 PENCIL SMALL TUBE WOODLAND,3 ROSE MORRIS BOXED CANDLES
2.0,frozenset({'PINK REGENCY TEACUP AND SAUCER'}),frozenset({'GREEN REGENCY TEACUP AND SAUCER'}),0.06122448979591837,0.09795918367346938,0.05714285714285714,0.9333333333333333,9.527777777777779,1.0,0.05114535610162432,13.53061224489796,0.953416149068323,0.5599999999999999,0.9260935143288085,0.7583333333333333,PINK REGENCY TEACUP AND SAUCER,GREEN REGENCY TEACUP AND SAUCER,,,,,,,,,,,WOODEN CROQUET GARDEN SET,ZINC T-LIGHT HOLDER STAR LARGE
3.0,frozenset({'GREEN REGENCY TEACUP AND SAUCER'}),frozenset({'PINK REGENCY TEACUP AND SAUCER'}),0.09795918367346938,0.06122448979591837,0.05714285714285714,0.5833333333333334,9.527777777777779,1.0,0.05114535610162432,2.253061224489796,0.9922430510665804,0.5599999999999999,0.5561594202898551,0.7583333333333333,GREEN REGENCY TEACUP AND SAUCER,PINK REGENCY TEACUP AND SAUCER,,,,,,,,,,,ZINC T-LIGHT HOLDER STAR LARGE,WOODEN CROQUET GARDEN SET
33.0,frozenset({'GREEN REGENCY TEACUP AND SAUCER'}),"frozenset({'VICTORIAN GLASS HANGING T-LIGHT', 'PINK REGENCY TEACUP AND SAUCER'})",0.09795918367346938,0.06122448979591837,0.05714285714285714,0.5833333333333334,9.527777777777779,1.0,0.05114535610162432,2.253061224489796,0.9922430510665804,0.5599999999999999,0.5561594202898551,0.7583333333333333,GREEN REGENCY TEACUP AND SAUCER,"VICTORIAN GLASS HANGING T-LIGHT, PINK REGENCY TEACUP AND SAUCER",,,,,,,,,,,WOODEN CROQUET GARDEN SET,ZINC T-LIGHT HOLDER STARS SMALL
30.0,"frozenset({'VICTORIAN GLASS HANGING T-LIGHT', 'PINK REGENCY TEACUP AND SAUCER'})",frozenset({'GREEN REGENCY TEACUP AND SAUCER'}),0.06122448979591837,0.09795918367346938,0.05714285714285714,0.9333333333333333,9.527777777777779,1.0,0.05114535610162432,13.53061224489796,0.953416149068323,0.5599999999999999,0.9260935143288085,0.7583333333333333,"VICTORIAN GLASS HANGING T-LIGHT, PINK REGENCY TEACUP AND SAUCER",GREEN REGENCY TEACUP AND SAUCER,,,,,,,,,,,ZINC T-LIGHT HOLDER STARS SMALL,WOODEN CROQUET GARDEN SET
24.0,"frozenset({'PINK REGENCY TEACUP AND SAUCER', 'ROSES REGENCY TEACUP AND SAUCER'})",frozenset({'GREEN REGENCY TEACUP AND SAUCER'}),0.04897959183673469,0.09795918367346938,0.04489795918367347,0.9166666666666666,9.35763888888889,1.0,0.04009995835068721,10.82448979591836,0.9391338275458448,0.44,0.9076168929110106,0.6875,"PINK REGENCY TEACUP AND SAUCER, ROSES REGENCY TEACUP AND SAUCER",GREEN REGENCY TEACUP AND SAUCER,,,,,,,,,,,WOODEN CROQUET GARDEN SET,WOODEN STAR CHRISTMAS SCANDINAVIAN
29.0,frozenset({'GREEN REGENCY TEACUP AND SAUCER'}),"frozenset({'PINK REGENCY TEACUP AND SAUCER', 'ROSES REGENCY TEACUP AND SAUCER'})",0.09795918367346938,0.04897959183673469,0.04489795918367347,0.4583333333333333,9.35763888888889,1.0,0.04009995835068721,1.755729984301412,0.9901275195392841,0.44,0.4304363376251789,0.6875,GREEN REGENCY TEACUP AND SAUCER,"PINK REGENCY TEACUP AND SAUCER, ROSES REGENCY TEACUP AND SAUCER",,,,,,,,,,,WOODEN STAR CHRISTMAS SCANDINAVIAN,WOODEN CROQUET GARDEN SET
50.0,"frozenset({'VICTORIAN GLASS HANGING T-LIGHT', 'LUNCH BAG RED RETROSPOT'})",frozenset({'LUNCH BAG PINK POLKADOT'}),0.07755102040816327,0.05714285714285714,0.04081632653061224,0.5263157894736842,9.210526315789474,1.0,0.03638483965014577,1.99047619047619,0.9663716814159292,0.4347826086956521,0.4976076555023923,0.6203007518796992,"VICTORIAN GLASS HANGING T-LIGHT, LUNCH BAG RED RETROSPOT",LUNCH BAG PINK POLKADOT,,,,,,,,,,,WOODEN CROQUET GARDEN SET,WORLD WAR 2 GLIDERS ASSTD DESIGNS
51.0,"frozenset({'VICTORIAN GLASS HANGING T-LIGHT', 'LUNCH BAG PINK POLKADOT'})",frozenset({'LUNCH BAG RED RETROSPOT'}),0.05714285714285714,0.07755102040816327,0.04081632653061224,0.7142857142857143,9.210526315789474,1.0,0.03638483965014577,3.228571428571429,0.9454545454545455,0.4347826086956521,0.6902654867256637,0.6203007518796992,"VICTORIAN GLASS HANGING T-LIGHT, LUNCH BAG PINK POLKADOT",LUNCH BAG RED RETROSPOT,,,,,,,,,,,WORLD WAR 2 GLIDERS ASSTD DESIGNS,WOODEN CROQUET GARDEN SET
12.0,frozenset({'LUNCH BAG RED RETROSPOT'}),frozenset({'LUNCH BAG PINK POLKADOT'}),0.07755102040816327,0.05714285714285714,0.04081632653061224,0.5263157894736842,9.210526315789474,1.0,0.03638483965014577,1.99047619047619,0.9663716814159292,0.4347826086956521,0.4976076555023923,0.6203007518796992,LUNCH BAG RED RETROSPOT,LUNCH BAG PINK POLKADOT,,,,,,,,,,,YELLOW GIANT GARDEN THERMOMETER,WOODEN CROQUET GARDEN SET
13.0,frozenset({'LUNCH BAG PINK POLKADOT'}),frozenset({'LUNCH BAG RED RETROSPOT'}),0.05714285714285714,0.07755102040816327,0.04081632653061224,0.7142857142857143,9.210526315789474,1.0,0.03638483965014577,3.228571428571429,0.9454545454545455,0.4347826086956521,0.6902654867256637,0.6203007518796992,LUNCH BAG PINK POLKADOT,LUNCH BAG RED RETROSPOT,,,,,,,,,,,WOODEN CROQUET GARDEN SET,YELLOW GIANT GARDEN THERMOMETER
52.0,frozenset({'LUNCH BAG RED RETROSPOT'}),"frozenset({'VICTORIAN GLASS HANGING T-LIGHT', 'LUNCH BAG PINK POLKADOT'})",0.07755102040816327,0.05714285714285714,0.04081632653061224,0.5263157894736842,9.210526315789474,1.0,0.03638483965014577,1.99047619047619,0.9663716814159292,0.4347826086956521,0.4976076555023923,0.6203007518796992,LUNCH BAG RED RETROSPOT,"VICTORIAN GLASS HANGING T-LIGHT, LUNCH BAG PINK POLKADOT",,,,,,,,,,,WOODEN CROQUET GARDEN SET,ZINC FOLKART SLEIGH BELLS
53.0,frozenset({'LUNCH BAG PINK POLKADOT'}),"frozenset({'VICTORIAN GLASS HANGING T-LIGHT', 'LUNCH BAG RED RETROSPOT'})",0.05714285714285714,0.07755102040816327,0.04081632653061224,0.7142857142857143,9.210526315789474,1.0,0.03638483965014577,3.228571428571429,0.9454545454545455,0.4347826086956521,0.6902654867256637,0.6203007518796992,LUNCH BAG PINK POLKADOT,"VICTORIAN GLASS HANGING T-LIGHT, LUNCH BAG RED RETROSPOT",,,,,,,,,,,ZINC FOLKART SLEIGH BELLS,WOODEN CROQUET GARDEN SET
16.0,frozenset({'ROSES REGENCY TEACUP AND SAUCER'}),frozenset({'PINK REGENCY TEACUP AND SAUCER'}),0.09387755102040816,0.06122448979591837,0.04897959183673469,0.5217391304347826,8.521739130434783,1.0,0.0432319866722199,1.962894248608534,0.9740990990990991,0.4615384615384615,0.4905482041587901,0.6608695652173913,ROSES REGENCY TEACUP AND SAUCER,PINK REGENCY TEACUP AND SAUCER,,,,,,,,,,,YELLOW GIANT GARDEN THERMOMETER,WOODEN BOX OF DOMINOES
58.0,"frozenset({'VICTORIAN GLASS HANGING T-LIGHT', 'ROSES REGENCY TEACUP AND SAUCER'})",frozenset({'PINK REGENCY TEACUP AND SAUCER'}),0.09387755102040816,0.06122448979591837,0.04897959183673469,0.5217391304347826,8.521739130434783,1.0,0.0432319866722199,1.962894248608534,0.9740990990990991,0.4615384615384615,0.4905482041587901,0.6608695652173913,"VICTORIAN GLASS HANGING T-LIGHT, ROSES REGENCY TEACUP AND SAUCER",PINK REGENCY TEACUP AND SAUCER,,,,,,,,,,,WOODEN BOX OF DOMINOES,YELLOW GIANT GARDEN THERMOMETER
60.0,frozenset({'ROSES REGENCY TEACUP AND SAUCER'}),"frozenset({'VICTORIAN GLASS HANGING T-LIGHT', 'PINK REGENCY TEACUP AND SAUCER'})",0.09387755102040816,0.06122448979591837,0.04897959183673469,0.5217391304347826,8.521739130434783,1.0,0.0432319866722199,1.962894248608534,0.9740990990990991,0.4615384615384615,0.4905482041587901,0.6608695652173913,ROSES REGENCY TEACUP AND SAUCER,"VICTORIAN GLASS HANGING T-LIGHT, PINK REGENCY TEACUP AND SAUCER",,,,,,,,,,,WOODEN BOX OF DOMINOES,ZINC FOLKART SLEIGH BELLS
17.0,frozenset({'PINK REGENCY TEACUP AND SAUCER'}),frozenset({'ROSES REGENCY TEACUP AND SAUCER'}),0.06122448979591837,0.09387755102040816,0.04897959183673469,0.7999999999999999,8.521739130434781,1.0,0.0432319866722199,4.530612244897958,0.9402173913043477,0.4615384615384615,0.7792792792792792,0.6608695652173913,PINK REGENCY TEACUP AND SAUCER,ROSES REGENCY TEACUP AND SAUCER,,,,,,,,,,,ZINC FOLKART SLEIGH BELLS,WOODEN BOX OF DOMINOES
61.0,frozenset({'PINK REGENCY TEACUP AND SAUCER'}),"frozenset({'VICTORIAN GLASS HANGING T-LIGHT', 'ROSES REGENCY TEACUP AND SAUCER'})",0.06122448979591837,0.09387755102040816,0.04897959183673469,0.7999999999999999,8.521739130434781,1.0,0.0432319866722199,4.530612244897958,0.9402173913043477,0.4615384615384615,0.7792792792792792,0.6608695652173913,PINK REGENCY TEACUP AND SAUCER,"VICTORIAN GLASS HANGING T-LIGHT, ROSES REGENCY TEACUP AND SAUCER",,,,,,,,,,,WOODEN BOX OF DOMINOES,ZINC T-LIGHT HOLDER STAR LARGE
59.0,"frozenset({'VICTORIAN GLASS HANGING T-LIGHT', 'PINK REGENCY TEACUP AND SAUCER'})",frozenset({'ROSES REGENCY TEACUP AND SAUCER'}),0.06122448979591837,0.09387755102040816,0.04897959183673469,0.7999999999999999,8.521739130434781,1.0,0.0432319866722199,4.530612244897958,0.9402173913043477,0.4615384615384615,0.7792792792792792,0.6608695652173913,"VICTORIAN GLASS HANGING T-LIGHT, PINK REGENCY TEACUP AND SAUCER",ROSES REGENCY TEACUP AND SAUCER,,,,,,,,,,,ZINC T-LIGHT HOLDER STAR LARGE,WOODEN BOX OF DOMINOES
27.0,frozenset({'ROSES REGENCY TEACUP AND SAUCER'}),"frozenset({'PINK REGENCY TEACUP AND SAUCER', 'GREEN REGENCY TEACUP AND SAUCER'})",0.09387755102040816,0.05714285714285714,0.04489795918367347,0.4782608695652174,8.369565217391305,1.0,0.039533527696793,1.807142857142857,0.9717444717444716,0.423076923076923,0.4466403162055335,0.6319875776397516,ROSES REGENCY TEACUP AND SAUCER,"PINK REGENCY TEACUP AND SAUCER, GREEN REGENCY TEACUP AND SAUCER",,,,,,,,,,,WOODEN BOX OF DOMINOES,ZINC T-LIGHT HOLDER STARS SMALL
26.0,"frozenset({'PINK REGENCY TEACUP AND SAUCER', 'GREEN REGENCY TEACUP AND SAUCER'})",frozenset({'ROSES REGENCY TEACUP AND SAUCER'}),0.05714285714285714,0.09387755102040816,0.04489795918367347,0.7857142857142857,8.369565217391305,1.0,0.039533527696793,4.228571428571428,0.933884297520661,0.423076923076923,0.7635135135135135,0.6319875776397516,"PINK REGENCY TEACUP AND SAUCER, GREEN REGENCY TEACUP AND SAUCER",ROSES REGENCY TEACUP AND SAUCER,,,,,,,,,,,ZINC T-LIGHT HOLDER STARS SMALL,WOODEN BOX OF DOMINOES
6.0,frozenset({'ROSES REGENCY TEACUP AND SAUCER'}),frozenset({'GREEN REGENCY TEACUP AND SAUCER'}),0.09387755102040816,0.09795918367346938,0.07346938775510205,0.782608695652174,7.989130434782609,1.0,0.06427321949187839,4.149387755102041,0.9654654654654654,0.6206896551724139,0.7590005902026363,0.766304347826087,ROSES REGENCY TEACUP AND SAUCER,GREEN REGENCY TEACUP AND SAUCER,,,,,,,,,,,WOOD STAMP SET THANK YOU,ZINC T-LIGHT HOLDER STARS SMALL
7.0,frozenset({'GREEN REGENCY TEACUP AND SAUCER'}),frozenset({'ROSES REGENCY TEACUP AND SAUCER'}),0.09795918367346938,0.09387755102040816,0.07346938775510205,0.7500000000000001,7.989130434782609,1.0,0.06427321949187839,3.624489795918369,0.9698340874811462,0.6206896551724139,0.7240990990990992,0.766304347826087,GREEN REGENCY TEACUP AND SAUCER,ROSES REGENCY TEACUP AND SAUCER,,,,,,,,,,,ZINC T-LIGHT HOLDER STARS SMALL,WOOD STAMP SET THANK YOU
38.0,"frozenset({'VICTORIAN GLASS HANGING T-LIGHT', 'ROSES REGENCY TEACUP AND SAUCER'})",frozenset({'GREEN REGENCY TEACUP AND SAUCER'}),0.09387755102040816,0.09795918367346938,0.07346938775510205,0.782608695652174,7.989130434782609,1.0,0.06427321949187839,4.149387755102041,0.9654654654654654,0.6206896551724139,0.7590005902026363,0.766304347826087,"VICTORIAN GLASS HANGING T-LIGHT, ROSES REGENCY TEACUP AND SAUCER",GREEN REGENCY TEACUP AND SAUCER,,,,,,,,,,,WOODEN CROQUET GARDEN SET,WOODEN BOX OF DOMINOES
39.0,"frozenset({'VICTORIAN GLASS HANGING T-LIGHT', 'GREEN REGENCY TEACUP AND SAUCER'})",frozenset({'ROSES REGENCY TEACUP AND SAUCER'}),0.09795918367346938,0.09387755102040816,0.07346938775510205,0.7500000000000001,7.989130434782609,1.0,0.06427321949187839,3.624489795918369,0.9698340874811462,0.6206896551724139,0.7240990990990992,0.766304347826087,"VICTORIAN GLASS HANGING T-LIGHT, GREEN REGENCY TEACUP AND SAUCER",ROSES REGENCY TEACUP AND SAUCER,,,,,,,,,,,WOODEN BOX OF DOMINOES,WOODEN CROQUET GARDEN SET
40.0,frozenset({'ROSES REGENCY TEACUP AND SAUCER'}),"frozenset({'VICTORIAN GLASS HANGING T-LIGHT', 'GREEN REGENCY TEACUP AND SAUCER'})",0.09387755102040816,0.09795918367346938,0.07346938775510205,0.782608695652174,7.989130434782609,1.0,0.06427321949187839,4.149387755102041,0.9654654654654654,0.6206896551724139,0.7590005902026363,0.766304347826087,ROSES REGENCY TEACUP AND SAUCER,"VICTORIAN GLASS HANGING T-LIGHT, GREEN REGENCY TEACUP AND SAUCER",,,,,,,,,,,WOODEN BOX OF DOMINOES,WOODEN STAR CHRISTMAS SCANDINAVIAN
41.0,frozenset({'GREEN REGENCY TEACUP AND SAUCER'}),"frozenset({'VICTORIAN GLASS HANGING T-LIGHT', 'ROSES REGENCY TEACUP AND SAUCER'})",0.09795918367346938,0.09387755102040816,0.07346938775510205,0.7500000000000001,7.989130434782609,1.0,0.06427321949187839,3.624489795918369,0.9698340874811462,0.6206896551724139,0.7240990990990992,0.766304347826087,GREEN REGENCY TEACUP AND SAUCER,"VICTORIAN GLASS HANGING T-LIGHT, ROSES REGENCY TEACUP AND SAUCER",,,,,,,,,,,WOODEN STAR CHRISTMAS SCANDINAVIAN,WOODEN BOX OF DOMINOES
22.0,frozenset({'DOTCOM POSTAGE'}),"frozenset({'VICTORIAN GLASS HANGING T-LIGHT', 'JUMBO BAG RED RETROSPOT'})",0.05714285714285714,0.08979591836734693,0.04081632653061224,0.7142857142857143,7.954545454545455,1.0,0.03568513119533527,3.185714285714286,0.9272727272727271,0.3846153846153846,0.6860986547085202,0.5844155844155844,DOTCOM POSTAGE,"VICTORIAN GLASS HANGING T-LIGHT, JUMBO BAG RED RETROSPOT",,,,,,,,,,,WOODEN BOX OF DOMINOES,WORLD WAR 2 GLIDERS ASSTD DESIGNS
0.0,frozenset({'DOTCOM POSTAGE'}),frozenset({'JUMBO BAG RED RETROSPOT'}),0.05714285714285714,0.08979591836734693,0.04081632653061224,0.7142857142857143,7.954545454545455,1.0,0.03568513119533527,3.185714285714286,0.9272727272727271,0.3846153846153846,0.6860986547085202,0.5844155844155844,DOTCOM POSTAGE,JUMBO BAG RED RETROSPOT,,,,,,,,,,,WORLD WAR 2 GLIDERS ASSTD DESIGNS,WOODEN BOX OF DOMINOES
20.0,"frozenset({'VICTORIAN GLASS HANGING T-LIGHT', 'DOTCOM POSTAGE'})",frozenset({'JUMBO BAG RED RETROSPOT'}),0.05714285714285714,0.08979591836734693,0.04081632653061224,0.7142857142857143,7.954545454545455,1.0,0.03568513119533527,3.185714285714286,0.9272727272727271,0.3846153846153846,0.6860986547085202,0.5844155844155844,"VICTORIAN GLASS HANGING T-LIGHT, DOTCOM POSTAGE",JUMBO BAG RED RETROSPOT,,,,,,,,,,,BLACK RECORD COVER FRAME,12 PENCIL SMALL TUBE WOODLAND
1.0,frozenset({'JUMBO BAG RED RETROSPOT'}),frozenset({'DOTCOM POSTAGE'}),0.08979591836734693,0.05714285714285714,0.04081632653061224,0.4545454545454545,7.954545454545454,1.0,0.03568513119533527,1.728571428571429,0.9605381165919282,0.3846153846153846,0.4214876033057851,0.5844155844155844,JUMBO BAG RED RETROSPOT,DOTCOM POSTAGE,,,,,,,,,,,12 PENCIL SMALL TUBE WOODLAND,BLACK RECORD COVER FRAME
21.0,"frozenset({'VICTORIAN GLASS HANGING T-LIGHT', 'JUMBO BAG RED RETROSPOT'})",frozenset({'DOTCOM POSTAGE'}),0.08979591836734693,0.05714285714285714,0.04081632653061224,0.4545454545454545,7.954545454545454,1.0,0.03568513119533527,1.728571428571429,0.9605381165919282,0.3846153846153846,0.4214876033057851,0.5844155844155844,"VICTORIAN GLASS HANGING T-LIGHT, JUMBO BAG RED RETROSPOT",DOTCOM POSTAGE,,,,,,,,,,,BLACK/BLUE POLKADOT UMBRELLA,12 PENCIL SMALL TUBE WOODLAND
23.0,frozenset({'JUMBO BAG RED RETROSPOT'}),"frozenset({'VICTORIAN GLASS HANGING T-LIGHT', 'DOTCOM POSTAGE'})",0.08979591836734693,0.05714285714285714,0.04081632653061224,0.4545454545454545,7.954545454545454,1.0,0.03568513119533527,1.728571428571429,0.9605381165919282,0.3846153846153846,0.4214876033057851,0.5844155844155844,JUMBO BAG RED RETROSPOT,"VICTORIAN GLASS HANGING T-LIGHT, DOTCOM POSTAGE",,,,,,,,,,,12 PENCIL SMALL TUBE WOODLAND,BLACK/BLUE POLKADOT UMBRELLA
9.0,frozenset({'JUMBO BAG RED RETROSPOT'}),frozenset({'JUMBO BAG PINK POLKADOT'}),0.08979591836734693,0.06122448979591837,0.04081632653061224,0.4545454545454545,7.424242424242424,1.0,0.03531861724281549,1.72108843537415,0.9506726457399104,0.3703703703703703,0.4189723320158102,0.5606060606060606,JUMBO BAG RED RETROSPOT,JUMBO BAG PINK POLKADOT,,,,,,,,,,,BLUE CALCULATOR RULER,12 PENCIL SMALL TUBE WOODLAND
8.0,frozenset({'JUMBO BAG PINK POLKADOT'}),frozenset({'JUMBO BAG RED RETROSPOT'}),0.06122448979591837,0.08979591836734693,0.04081632653061224,0.6666666666666666,7.424242424242424,1.0,0.03531861724281549,2.730612244897959,0.9217391304347827,0.3703703703703703,0.6337817638266069,0.5606060606060606,JUMBO BAG PINK POLKADOT,JUMBO BAG RED RETROSPOT,,,,,,,,,,,12 PENCIL SMALL TUBE WOODLAND,BLUE CALCULATOR RULER
45.0,frozenset({'JUMBO BAG RED RETROSPOT'}),"frozenset({'VICTORIAN GLASS HANGING T-LIGHT', 'JUMBO BAG PINK POLKADOT'})",0.08979591836734693,0.06122448979591837,0.04081632653061224,0.4545454545454545,7.424242424242424,1.0,0.03531861724281549,1.72108843537415,0.9506726457399104,0.3703703703703703,0.4189723320158102,0.5606060606060606,JUMBO BAG RED RETROSPOT,"VICTORIAN GLASS HANGING T-LIGHT, JUMBO BAG PINK POLKADOT",,,,,,,,,,,BAKING SET 9 PIECE RETROSPOT,12 PENCIL SMALL TUBE WOODLAND
44.0,frozenset({'JUMBO BAG PINK POLKADOT'}),"frozenset({'VICTORIAN GLASS HANGING T-LIGHT', 'JUMBO BAG RED RETROSPOT'})",0.06122448979591837,0.08979591836734693,0.04081632653061224,0.6666666666666666,7.424242424242424,1.0,0.03531861724281549,2.730612244897959,0.9217391304347827,0.3703703703703703,0.6337817638266069,0.5606060606060606,JUMBO BAG PINK POLKADOT,"VICTORIAN GLASS HANGING T-LIGHT, JUMBO BAG RED RETROSPOT",,,,,,,,,,,12 PENCIL SMALL TUBE WOODLAND,BAKING SET 9 PIECE RETROSPOT
43.0,"frozenset({'VICTORIAN GLASS HANGING T-LIGHT', 'JUMBO BAG RED RETROSPOT'})",frozenset({'JUMBO BAG PINK POLKADOT'}),0.08979591836734693,0.06122448979591837,0.04081632653061224,0.4545454545454545,7.424242424242424,1.0,0.03531861724281549,1.72108843537415,0.9506726457399104,0.3703703703703703,0.4189723320158102,0.5606060606060606,"VICTORIAN GLASS HANGING T-LIGHT, JUMBO BAG RED RETROSPOT",JUMBO BAG PINK POLKADOT,,,,,,,,,,,BAKING SET SPACEBOY DESIGN,12 PENCIL SMALL TUBE WOODLAND
42.0,"frozenset({'VICTORIAN GLASS HANGING T-LIGHT', 'JUMBO BAG PINK POLKADOT'})",frozenset({'JUMBO BAG RED RETROSPOT'}),0.06122448979591837,0.08979591836734693,0.04081632653061224,0.6666666666666666,7.424242424242424,1.0,0.03531861724281549,2.730612244897959,0.9217391304347827,0.3703703703703703,0.6337817638266069,0.5606060606060606,"VICTORIAN GLASS HANGING T-LIGHT, JUMBO BAG PINK POLKADOT",JUMBO BAG RED RETROSPOT,,,,,,,,,,,12 PENCIL SMALL TUBE WOODLAND,BAKING SET SPACEBOY DESIGN
49.0,frozenset({'JUMBO BAG RED RETROSPOT'}),"frozenset({'VICTORIAN GLASS HANGING T-LIGHT', 'JUMBO BAG PINK VINTAGE PAISLEY'})",0.08979591836734693,0.07755102040816327,0.04489795918367347,0.5,6.447368421052632,1.0,0.03793419408579758,1.844897959183673,0.9282511210762332,0.3666666666666666,0.4579646017699116,0.5394736842105263,JUMBO BAG RED RETROSPOT,"VICTORIAN GLASS HANGING T-LIGHT, JUMBO BAG PINK VINTAGE PAISLEY",,,,,,,,,,,BEADED CRYSTAL HEART PINK SMALL,12 PENCIL SMALL TUBE WOODLAND
47.0,"frozenset({'VICTORIAN GLASS HANGING T-LIGHT', 'JUMBO BAG RED RETROSPOT'})",frozenset({'JUMBO BAG PINK VINTAGE PAISLEY'}),0.08979591836734693,0.07755102040816327,0.04489795918367347,0.5,6.447368421052632,1.0,0.03793419408579758,1.844897959183673,0.9282511210762332,0.3666666666666666,0.4579646017699116,0.5394736842105263,"VICTORIAN GLASS HANGING T-LIGHT, JUMBO BAG RED RETROSPOT",JUMBO BAG PINK VINTAGE PAISLEY,,,,,,,,,,,12 PENCIL SMALL TUBE WOODLAND,BEADED CRYSTAL HEART PINK SMALL
11.0,frozenset({'JUMBO BAG RED RETROSPOT'}),frozenset({'JUMBO BAG PINK VINTAGE PAISLEY'}),0.08979591836734693,0.07755102040816327,0.04489795918367347,0.5,6.447368421052632,1.0,0.03793419408579758,1.844897959183673,0.9282511210762332,0.3666666666666666,0.4579646017699116,0.5394736842105263,JUMBO BAG RED RETROSPOT,JUMBO BAG PINK VINTAGE PAISLEY,,,,,,,,,,,12 PENCIL SMALL TUBE WOODLAND,APPLE BATH SPONGE
48.0,frozenset({'JUMBO BAG PINK VINTAGE PAISLEY'}),"frozenset({'VICTORIAN GLASS HANGING T-LIGHT', 'JUMBO BAG RED RETROSPOT'})",0.07755102040816327,0.08979591836734693,0.04489795918367347,0.5789473684210525,6.447368421052631,1.0,0.03793419408579758,2.161734693877551,0.915929203539823,0.3666666666666666,0.537408543780977,0.5394736842105263,JUMBO BAG PINK VINTAGE PAISLEY,"VICTORIAN GLASS HANGING T-LIGHT, JUMBO BAG RED RETROSPOT",,,,,,,,,,,APPLE BATH SPONGE,12 PENCIL SMALL TUBE WOODLAND
10.0,frozenset({'JUMBO BAG PINK VINTAGE PAISLEY'}),frozenset({'JUMBO BAG RED RETROSPOT'}),0.07755102040816327,0.08979591836734693,0.04489795918367347,0.5789473684210525,6.447368421052631,1.0,0.03793419408579758,2.161734693877551,0.915929203539823,0.3666666666666666,0.537408543780977,0.5394736842105263,JUMBO BAG PINK VINTAGE PAISLEY,JUMBO BAG RED RETROSPOT,,,,,,,,,,,ASSORTED COLOUR T-LIGHT HOLDER,12 PENCIL SMALL TUBE WOODLAND
46.0,"frozenset({'VICTORIAN GLASS HANGING T-LIGHT', 'JUMBO BAG PINK VINTAGE PAISLEY'})",frozenset({'JUMBO BAG RED RETROSPOT'}),0.07755102040816327,0.08979591836734693,0.04489795918367347,0.5789473684210525,6.447368421052631,1.0,0.03793419408579758,2.161734693877551,0.915929203539823,0.3666666666666666,0.537408543780977,0.5394736842105263,"VICTORIAN GLASS HANGING T-LIGHT, JUMBO BAG PINK VINTAGE PAISLEY",JUMBO BAG RED RETROSPOT,,,,,,,,,,,12 PENCIL SMALL TUBE WOODLAND,ASSORTED COLOUR T-LIGHT HOLDER
18.0,frozenset({'WOODEN PICTURE FRAME WHITE FINISH'}),frozenset({'WOODEN FRAME ANTIQUE WHITE'}),0.1061224489795918,0.08163265306122448,0.04489795918367347,0.4230769230769231,5.182692307692308,1.0,0.03623490212411495,1.591836734693878,0.9028642590286426,0.3142857142857143,0.3717948717948718,0.4865384615384616,WOODEN PICTURE FRAME WHITE FINISH,WOODEN FRAME ANTIQUE WHITE,,,,,,,,,,,ASSTD DESIGN RACING CAR PEN,12 PENCIL SMALL TUBE WOODLAND
19.0,frozenset({'WOODEN FRAME ANTIQUE WHITE'}),frozenset({'WOODEN PICTURE FRAME WHITE FINISH'}),0.08163265306122448,0.1061224489795918,0.04489795918367347,0.55,5.182692307692308,1.0,0.03623490212411495,1.98639455782313,0.8787878787878789,0.3142857142857143,0.4965753424657535,0.4865384615384616,WOODEN FRAME ANTIQUE WHITE,WOODEN PICTURE FRAME WHITE FINISH,,,,,,,,,,,12 PENCIL SMALL TUBE WOODLAND,ASSTD DESIGN RACING CAR PEN
62.0,"frozenset({'VICTORIAN GLASS HANGING T-LIGHT', 'WOODEN PICTURE FRAME WHITE FINISH'})",frozenset({'WOODEN FRAME ANTIQUE WHITE'}),0.1061224489795918,0.08163265306122448,0.04489795918367347,0.4230769230769231,5.182692307692308,1.0,0.03623490212411495,1.591836734693878,0.9028642590286426,0.3142857142857143,0.3717948717948718,0.4865384615384616,"VICTORIAN GLASS HANGING T-LIGHT, WOODEN PICTURE FRAME WHITE FINISH",WOODEN FRAME ANTIQUE WHITE,,,,,,,,,,,BAG 250G SWIRLY MARBLES,12 PENCIL SMALL TUBE WOODLAND
63.0,"frozenset({'VICTORIAN GLASS HANGING T-LIGHT', 'WOODEN FRAME ANTIQUE WHITE'})",frozenset({'WOODEN PICTURE FRAME WHITE FINISH'}),0.08163265306122448,0.1061224489795918,0.04489795918367347,0.55,5.182692307692308,1.0,0.03623490212411495,1.98639455782313,0.8787878787878789,0.3142857142857143,0.4965753424657535,0.4865384615384616,"VICTORIAN GLASS HANGING T-LIGHT, WOODEN FRAME ANTIQUE WHITE",WOODEN PICTURE FRAME WHITE FINISH,,,,,,,,,,,12 PENCIL SMALL TUBE WOODLAND,BAG 250G SWIRLY MARBLES
64.0,frozenset({'WOODEN PICTURE FRAME WHITE FINISH'}),"frozenset({'VICTORIAN GLASS HANGING T-LIGHT', 'WOODEN FRAME ANTIQUE WHITE'})",0.1061224489795918,0.08163265306122448,0.04489795918367347,0.4230769230769231,5.182692307692308,1.0,0.03623490212411495,1.591836734693878,0.9028642590286426,0.3142857142857143,0.3717948717948718,0.4865384615384616,WOODEN PICTURE FRAME WHITE FINISH,"VICTORIAN GLASS HANGING T-LIGHT, WOODEN FRAME ANTIQUE WHITE",,,,,,,,,,,ALARM CLOCK BAKELIKE RED,12 PENCIL SMALL TUBE WOODLAND
65.0,frozenset({'WOODEN FRAME ANTIQUE WHITE'}),"frozenset({'VICTORIAN GLASS HANGING T-LIGHT', 'WOODEN PICTURE FRAME WHITE FINISH'})",0.08163265306122448,0.1061224489795918,0.04489795918367347,0.55,5.182692307692308,1.0,0.03623490212411495,1.98639455782313,0.8787878787878789,0.3142857142857143,0.4965753424657535,0.4865384615384616,WOODEN FRAME ANTIQUE WHITE,"VICTORIAN GLASS HANGING T-LIGHT, WOODEN PICTURE FRAME WHITE FINISH",,,,,,,,,,,12 PENCIL SMALL TUBE WOODLAND,ALARM CLOCK BAKELIKE RED
56.0,frozenset({'NATURAL SLATE HEART CHALKBOARD'}),"frozenset({'VICTORIAN GLASS HANGING T-LIGHT', 'ROSES REGENCY TEACUP AND SAUCER'})",0.1224489795918367,0.09387755102040816,0.04081632653061224,0.3333333333333333,3.550724637681159,1.0,0.02932111620158267,1.359183673469388,0.8186046511627907,0.2325581395348837,0.2642642642642642,0.3840579710144927,NATURAL SLATE HEART CHALKBOARD,"VICTORIAN GLASS HANGING T-LIGHT, ROSES REGENCY TEACUP AND SAUCER",,,,,,,,,,,12 PENCIL SMALL TUBE WOODLAND,ALPHABET STENCIL CRAFT
54.0,"frozenset({'VICTORIAN GLASS HANGING T-LIGHT', 'NATURAL SLATE HEART CHALKBOARD'})",frozenset({'ROSES REGENCY TEACUP AND SAUCER'}),0.1224489795918367,0.09387755102040816,0.04081632653061224,0.3333333333333333,3.550724637681159,1.0,0.02932111620158267,1.359183673469388,0.8186046511627907,0.2325581395348837,0.2642642642642642,0.3840579710144927,"VICTORIAN GLASS HANGING T-LIGHT, NATURAL SLATE HEART CHALKBOARD",ROSES REGENCY TEACUP AND SAUCER,,,,,,,,,,,ALPHABET STENCIL CRAFT,12 PENCIL SMALL TUBE WOODLAND
14.0,frozenset({'NATURAL SLATE HEART CHALKBOARD'}),frozenset({'ROSES REGENCY TEACUP AND SAUCER'}),0.1224489795918367,0.09387755102040816,0.04081632653061224,0.3333333333333333,3.550724637681159,1.0,0.02932111620158267,1.359183673469388,0.8186046511627907,0.2325581395348837,0.2642642642642642,0.3840579710144927,NATURAL SLATE HEART CHALKBOARD,ROSES REGENCY TEACUP AND SAUCER,,,,,,,,,,,ANTIQUE SILVER T-LIGHT GLASS,12 PENCIL SMALL TUBE WOODLAND
15.0,frozenset({'ROSES REGENCY TEACUP AND SAUCER'}),frozenset({'NATURAL SLATE HEART CHALKBOARD'}),0.09387755102040816,0.1224489795918367,0.04081632653061224,0.4347826086956521,3.550724637681159,1.0,0.02932111620158267,1.552590266875981,0.7927927927927928,0.2325581395348837,0.3559150657229524,0.3840579710144927,ROSES REGENCY TEACUP AND SAUCER,NATURAL SLATE HEART CHALKBOARD,,,,,,,,,,,12 PENCIL SMALL TUBE WOODLAND,ANTIQUE SILVER T-LIGHT GLASS
57.0,frozenset({'ROSES REGENCY TEACUP AND SAUCER'}),"frozenset({'VICTORIAN GLASS HANGING T-LIGHT', 'NATURAL SLATE HEART CHALKBOARD'})",0.09387755102040816,0.1224489795918367,0.04081632653061224,0.4347826086956521,3.550724637681159,1.0,0.02932111620158267,1.552590266875981,0.7927927927927928,0.2325581395348837,0.3559150657229524,0.3840579710144927,ROSES REGENCY TEACUP AND SAUCER,"VICTORIAN GLASS HANGING T-LIGHT, NATURAL SLATE HEART CHALKBOARD",,,,,,,,,,,ANTIQUE SILVER TEA GLASS ENGRAVED,12 PENCIL SMALL TUBE WOODLAND
55.0,"frozenset({'VICTORIAN GLASS HANGING T-LIGHT', 'ROSES REGENCY TEACUP AND SAUCER'})",frozenset({'NATURAL SLATE HEART CHALKBOARD'}),0.09387755102040816,0.1224489795918367,0.04081632653061224,0.4347826086956521,3.550724637681159,1.0,0.02932111620158267,1.552590266875981,0.7927927927927928,0.2325581395348837,0.3559150657229524,0.3840579710144927,"VICTORIAN GLASS HANGING T-LIGHT, ROSES REGENCY TEACUP AND SAUCER",NATURAL SLATE HEART CHALKBOARD,,,,,,,,,,,12 PENCIL SMALL TUBE WOODLAND,ANTIQUE SILVER TEA GLASS ENGRAVED
4.0,frozenset({'REGENCY CAKESTAND 3 TIER'}),frozenset({'GREEN REGENCY TEACUP AND SAUCER'}),0.1346938775510204,0.09795918367346938,0.04081632653061224,0.303030303030303,3.093434343434343,1.0,0.02762182423990004,1.294232475598935,0.7820754716981133,0.2127659574468085,0.2273412861648155,0.3598484848484848,REGENCY CAKESTAND 3 TIER,GREEN REGENCY TEACUP AND SAUCER,,,,,,,,,,,CALENDAR IN SEASON DESIGN,12 PENCIL SMALL TUBE WOODLAND
5.0,frozenset({'GREEN REGENCY TEACUP AND SAUCER'}),frozenset({'REGENCY CAKESTAND 3 TIER'}),0.09795918367346938,0.1346938775510204,0.04081632653061224,0.4166666666666666,3.093434343434343,1.0,0.02762182423990004,1.48338192419825,0.7502262443438914,0.2127659574468085,0.3258647798742138,0.3598484848484848,GREEN REGENCY TEACUP AND SAUCER,REGENCY CAKESTAND 3 TIER,,,,,,,,,,,12 PENCIL SMALL TUBE WOODLAND,CALENDAR IN SEASON DESIGN
37.0,frozenset({'GREEN REGENCY TEACUP AND SAUCER'}),"frozenset({'VICTORIAN GLASS HANGING T-LIGHT', 'REGENCY CAKESTAND 3 TIER'})",0.09795918367346938,0.1346938775510204,0.04081632653061224,0.4166666666666666,3.093434343434343,1.0,0.02762182423990004,1.48338192419825,0.7502262443438914,0.2127659574468085,0.3258647798742138,0.3598484848484848,GREEN REGENCY TEACUP AND SAUCER,"VICTORIAN GLASS HANGING T-LIGHT, REGENCY CAKESTAND 3 TIER",,,,,,,,,,,12 PENCIL SMALL TUBE WOODLAND,BULL DOG BOTTLE OPENER
36.0,frozenset({'REGENCY CAKESTAND 3 TIER'}),"frozenset({'VICTORIAN GLASS HANGING T-LIGHT', 'GREEN REGENCY TEACUP AND SAUCER'})",0.1346938775510204,0.09795918367346938,0.04081632653061224,0.303030303030303,3.093434343434343,1.0,0.02762182423990004,1.294232475598935,0.7820754716981133,0.2127659574468085,0.2273412861648155,0.3598484848484848,REGENCY CAKESTAND 3 TIER,"VICTORIAN GLASS HANGING T-LIGHT, GREEN REGENCY TEACUP AND SAUCER",,,,,,,,,,,BULL DOG BOTTLE OPENER,12 PENCIL SMALL TUBE WOODLAND
35.0,"frozenset({'VICTORIAN GLASS HANGING T-LIGHT', 'GREEN REGENCY TEACUP AND SAUCER'})",frozenset({'REGENCY CAKESTAND 3 TIER'}),0.09795918367346938,0.1346938775510204,0.04081632653061224,0.4166666666666666,3.093434343434343,1.0,0.02762182423990004,1.48338192419825,0.7502262443438914,0.2127659574468085,0.3258647798742138,0.3598484848484848,"VICTORIAN GLASS HANGING T-LIGHT, GREEN REGENCY TEACUP AND SAUCER",REGENCY CAKESTAND 3 TIER,,,,,,,,,,,BUNDLE OF 3 RETRO NOTE BOOKS,12 PENCIL SMALL TUBE WOODLAND
34.0,"frozenset({'VICTORIAN GLASS HANGING T-LIGHT', 'REGENCY CAKESTAND 3 TIER'})",frozenset({'GREEN REGENCY TEACUP AND SAUCER'}),0.1346938775510204,0.09795918367346938,0.04081632653061224,0.303030303030303,3.093434343434343,1.0,0.02762182423990004,1.294232475598935,0.7820754716981133,0.2127659574468085,0.2273412861648155,0.3598484848484848,"VICTORIAN GLASS HANGING T-LIGHT, REGENCY CAKESTAND 3 TIER",GREEN REGENCY TEACUP AND SAUCER,,,,,,,,,,,12 PENCIL SMALL TUBE WOODLAND,BUNDLE OF 3 RETRO NOTE BOOKS
,,,,,,,,,,,,,,,,,,,,,,,,,,,BOHEMIAN COLLAGE STATIONERY SET,12 PENCIL SMALL TUBE WOODLAND
,,,,,,,,,,,,,,,,,,,,,,,,,,,12 PENCIL SMALL TUBE WOODLAND,BOHEMIAN COLLAGE STATIONERY SET
,,,,,,,,,,,,,,,,,,,,,,,,,,,BOUDOIR SQUARE TISSUE BOX,12 PENCIL SMALL TUBE WOODLAND
,,,,,,,,,,,,,,,,,,,,,,,,,,,12 PENCIL SMALL TUBE WOODLAND,BOUDOIR SQUARE TISSUE BOX
,,,,,,,,,,,,,,,,,,,,,,,,,,,BOX OF 24 COCKTAIL PARASOLS,12 PENCIL SMALL TUBE WOODLAND
,,,,,,,,,,,,,,,,,,,,,,,,,,,12 PENCIL SMALL TUBE WOODLAND,BOX OF 24 COCKTAIL PARASOLS
,,,,,,,,,,,,,,,,,,,,,,,,,,,BOX OF VINTAGE JIGSAW BLOCKS,12 PENCIL SMALL TUBE WOODLAND
,,,,,,,,,,,,,,,,,,,,,,,,,,,12 PENCIL SMALL TUBE WOODLAND,BOX OF VINTAGE JIGSAW BLOCKS
,,,,,,,,,,,,,,,,,,,,,,,,,,,BLUE FLY SWAT,12 PENCIL SMALL TUBE WOODLAND
,,,,,,,,,,,,,,,,,,,,,,,,,,,12 PENCIL SMALL TUBE WOODLAND,BLUE FLY SWAT
,,,,,,,,,,,,,,,,,,,,,,,,,,,BLUE POLKADOT KIDS BAG,12 PENCIL SMALL TUBE WOODLAND
,,,,,,,,,,,,,,,,,,,,,,,,,,,12 PENCIL SMALL TUBE WOODLAND,BLUE POLKADOT KIDS BAG
,,,,,,,,,,,,,,,,,,,,,,,,,,,12 PENCIL SMALL TUBE WOODLAND,BLUE ROSE FABRIC MIRROR
,,,,,,,,,,,,,,,,,,,,,,,,,,,BLUE ROSE FABRIC MIRROR,12 PENCIL SMALL TUBE WOODLAND
,,,,,,,,,,,,,,,,,,,,,,,,,,,CHRISTMAS CRAFT LITTLE FRIENDS,12 PENCIL SMALL TUBE WOODLAND
,,,,,,,,,,,,,,,,,,,,,,,,,,,12 PENCIL SMALL TUBE WOODLAND,CHRISTMAS CRAFT LITTLE FRIENDS
,,,,,,,,,,,,,,,,,,,,,,,,,,,CHERRY BLOSSOM LUGGAGE TAG,12 PENCIL SMALL TUBE WOODLAND
,,,,,,,,,,,,,,,,,,,,,,,,,,,12 PENCIL SMALL TUBE WOODLAND,CHERRY BLOSSOM LUGGAGE TAG
,,,,,,,,,,,,,,,,,,,,,,,,,,,CHERUB HEART DECORATION SILVER,12 PENCIL SMALL TUBE WOODLAND
,,,,,,,,,,,,,,,,,,,,,,,,,,,12 PENCIL SMALL TUBE WOODLAND,CHERUB HEART DECORATION SILVER
,,,,,,,,,,,,,,,,,,,,,,,,,,,CHILDREN'S APRON DOLLY GIRL,12 PENCIL SMALL TUBE WOODLAND
,,,,,,,,,,,,,,,,,,,,,,,,,,,12 PENCIL SMALL TUBE WOODLAND,CHILDREN'S APRON DOLLY GIRL
,,,,,,,,,,,,,,,,,,,,,,,,,,,12 PENCIL SMALL TUBE WOODLAND,CHILDREN'S CIRCUS PARADE MUG
,,,,,,,,,,,,,,,,,,,,,,,,,,,CHILDREN'S CIRCUS PARADE MUG,12 PENCIL SMALL TUBE WOODLAND
,,,,,,,,,,,,,,,,,,,,,,,,,,,CHARLIE+LOLA RED HOT WATER BOTTLE,12 PENCIL SMALL TUBE WOODLAND
,,,,,,,,,,,,,,,,,,,,,,,,,,,12 PENCIL SMALL TUBE WOODLAND,CHARLIE+LOLA RED HOT WATER BOTTLE
,,,,,,,,,,,,,,,,,,,,,,,,,,,CARD HOLDER GINGHAM HEART,12 PENCIL SMALL TUBE WOODLAND
,,,,,,,,,,,,,,,,,,,,,,,,,,,12 PENCIL SMALL TUBE WOODLAND,CARD HOLDER GINGHAM HEART
,,,,,,,,,,,,,,,,,,,,,,,,,,,CARDHOLDER GINGHAM CHRISTMAS TREE,12 PENCIL SMALL TUBE WOODLAND
,,,,,,,,,,,,,,,,,,,,,,,,,,,12 PENCIL SMALL TUBE WOODLAND,CARDHOLDER GINGHAM CHRISTMAS TREE
,,,,,,,,,,,,,,,,,,,,,,,,,,,CARDHOLDER GINGHAM STAR,12 PENCIL SMALL TUBE WOODLAND
,,,,,,,,,,,,,,,,,,,,,,,,,,,12 PENCIL SMALL TUBE WOODLAND,CARDHOLDER GINGHAM STAR
,,,,,,,,,,,,,,,,,,,,,,,,,,,CERAMIC HEART FAIRY CAKE MONEY BANK,12 PENCIL SMALL TUBE WOODLAND
,,,,,,,,,,,,,,,,,,,,,,,,,,,12 PENCIL SMALL TUBE WOODLAND,CERAMIC HEART FAIRY CAKE MONEY BANK
